วันที่,วิชาสอน,รายละเอียด,รูปภาพ,เทอม,สัปดาห์
5/5/2569,-,จัดเตรียมห้องเรียน และตรวจตารางสอน,1tJRWK6FdGF17MJhR4iu-seGfMZ5Vgql_,1,1
6/5/2569,-,ประชุมครู ครั้งที่ 3/2569,1mQ9ekAacA3hJ81ZzXjTiXklG0w6tSPra,1,1
7/5/2569,-,Setup Switch ตึก 5,1NOjgfI058TagtFZyVr17r9sjvyaiGHmc,1,1
8/5/2569,-,เข้าร่วมอบรม,1_7bh-XVNthmPqeJ57mR_N8dmao5nNtWJ,1,1
11/5/2569,-,เตรียมเนื้อหาการสอน,13B5EGKQCrmbzTYY2RdaaFBpWqpUfe1CY,1,2
12/5/2569,-,จัดเตรียมห้องเรียน,1IZq-y8tc6KcDBu_LYyEFvqXn-Dvc44rn,1,2
13/5/2569,-,"วันหยุดราชการเนื่องจาก ""วันพืชมงคล""",1obuSKK9xJ864-cCkRLSNvcmH1grKhN61,1,2
14/5/2569,-,ปฐมนิเทศนักศึกษาใหม่ ปวช.1 ปวส.1,1IYqAKRXyMBS46udtGpHoR89oxoPMFLBP,1,2
15/5/2569,-,ประชุุมการใช้งานระบบเรียนออนไลน์,1wru_nQybIQEDkXii1uJfip-pX5POqSIQ,1,2
18/5/2569,-,ดูแลนักเรียนในการสมัครเข้าชมรมวิชาชีพ,1FYr0Wekp2CgnLhzW3O4EuYqb-vGcyoqf,1,3
19/5/2569,ระบบปฏิบัติการเครื่องแม่ข่าย,สอนในเรื่องบทนำและเบื้องต้นในการใช้งานอุปกรณ์เกี่ยวกับเครือข่าย,1WxQEjiF7REzMOyPth5BFRkM0IbKOdhrS,1,3
20/5/2569,การเขียนโปรแกรมคอมพิวเตอร์,"สอนในหัวข้อ 1.1 ความรู้เกี่ยวกับโปรแกรมและภาษาโปรแกรม, ขั้นตอนการพัฒนาโปรแกรม และทำใบงานที่ 1.1",,1,3
21/5/2569,-,แนะนำตัวหน้าเสาธงบริเวณอาคารโดมช่วงเช้าและแก้ไขปัญหาสายแลนใช้งานไม่ได้ ณ ห้องงานวิจัย,1mQvScComMryUYeXlDgcvSGSaq_bxwN0v,1,3
22/5/2569,ระบบปฏิบัติการเครื่องแม่ข่าย,สอนในหัวข้อ การต่อสายแลนหัว RJ45 (Cat5e),1s71J3rkC_uOn9OOwXs2IRQy-SsUarsfV,1,3
25/5/2569,-,จัดแต่งตั้งตำแหน่งประธานชมรมวิชาชีพ พร้อมคณะและจัดแต่งประธาน อวท.,1ODiuXjaBgpKnNlx62uYDdghTU09NYfHQ,1,4
26/5/2569,ระบบปฏิบัติการเครื่องแม่ข่าย,สอนในในหัวข้อเกี่ยวกับระบบปฏิบัติการ Linux,1OR3nMbhaOk8eb7ICwkob-o6Iixu-q2o5,1,4
27/5/2569,การเขียนโปรแกรมคอมพิวเตอร์,สอนในหัวข้อ 2.1 ความหมายของอัลกอริทึม 2.2 การเขียนผังงาน (Flowchart) และทำใบงานที่ 2.1,,1,4
28/5/2569,-,ดำเนินการติดตั้ง Access point ณ ห้อง 541 (อาคาร5),1jOUNGIU9GqpEXQYsnxyraai-jUD0OBFx,1,4
29/5/2569,ระบบปฏิบัติการเครื่องแม่ข่าย,สอนในหัวข้อการใช้งาน Linux CLI Command,1-LzLlXIGT4cN5wd2kfhKe1vqy5JC3lZL,1,4
1/6/2569,-,วันหยุดข้าราชการ เนื่องจากวันวิสาขบูชา,1ZcVBQJH_lnXhbW8gpLaNcxmd-oNXQsqr,1,5
2/6/2569,ระบบปฏิบัติการเครื่องแม่ข่าย,สอนในหัวข้อหลักการของ DHCP และ DNS,1FBHKFIHerIRb3kG4seSBJy6QY8_LjrkW,1,5
3/6/2569,-,วันหยุดราชการ เนื่องจากเป็นวันเฉลิมพระชนมพรรษา สมเด็จพระนางเจ้าสุทิดา พัชรสุธาพิมลลักษณ พระบรมราชินี,1J9X2F1cOfA1igA4otccYXX4Fenf4tkB2,1,5
4/6/2569,-,ปฏิบัติหน้าที่ครูเวรดูแลนักเรียน,1qvhz-pnFZuzZl2RPBThls1IlSdWWjnDe,1,5
5/6/2569,ระบบปฏิบัติการเครื่องแม่ข่าย,สอนทบทวนและลงมือทดลองใช้งานจริงบน Linux Ubuntu 26.04 LTS,,1,5
8/6/2569,-,ดูแลนักเรียน นักศึกษา ทำกิจกรรมร้องเพลงประสานเสียงในวันพิธีไหว้ครู ณ หอประชุม,19xQOWRPRjRxHwdGPLGUPzxPdh-h2xo1s,1,6
9/6/2569,ระบบปฏิบัติการเครื่องแม่ข่าย,สอนในหัวข้อ การติดตั้งและกำหนดค่า Web Server (Apache2 / Nginx) บน Linux Ubuntu,,1,6
10/6/2569,การเขียนโปรแกรมคอมพิวเตอร์,สอนในหัวข้อ 2.3 การเขียนรหัสเทียม (Pseudocode) ความสัมพันธ์กับผังงาน และทำใบงานที่ 2.2,,1,6
11/6/2569,-,กิจกรรมพิธีไหว้ครู ประจำปีการศึกษา 2569,1sZE7i199YSqonLLgaMLQFAIzU_b83JvP,1,6
12/6/2569,ระบบปฏิบัติการเครื่องแม่ข่าย,ปฏิบัติการทดลองโฮสต์เว็บไซต์และตั้งค่า Virtual Host บน Linux Server,,1,6
15/6/2569,-,กิจกรรม Homeroom พบปะนักเรียน และติดตามการส่งงาน,1oBKe9Vetm8laru9ABDVO-Tv5lNarTg8z,1,7
16/6/2569,ระบบปฏิบัติการเครื่องแม่ข่าย,สอนในหัวข้อ การติดตั้งและบริหารจัดการ Database Server (MySQL / MariaDB),,1,7
17/6/2569,การเขียนโปรแกรมคอมพิวเตอร์,สอนในหัวข้อ 3.1 โครงสร้างโปรแกรมภาษาซี 3.2 การเขียนและคอมไพล์โปรแกรมแรก และทำใบงานที่ 3.1,,1,7
18/6/2569,-,ดำเนินการลง Microsoft Word ให้กับคุณครูในวิทยาลัย สาขาออกแบบ,1ni2nydS1duEQuf9WbqgtvM9Iz6yqyJT-,1,7
19/6/2569,ระบบปฏิบัติการเครื่องแม่ข่าย,ปฏิบัติการเชื่อมต่อ Web Application เข้ากับฐานข้อมูล MySQL บน Server,,1,7
22/6/2569,-,ปฏิบัติหน้าที่ตรวจแถวหน้าเสาธง และโครงการยิ้มใสไหว้สวย,1pkRJtT2uK0vdgs6lpqtahRJna-i7tc5g,1,8
23/6/2569,ระบบปฏิบัติการเครื่องแม่ข่าย,สอนในหัวข้อ การจัดการสิทธิ์ผู้ใช้และระบบรักษาความปลอดภัย (User Permission & Linux Firewall UFW),,1,8
24/6/2569,การเขียนโปรแกรมคอมพิวเตอร์,สอนในหัวข้อ 3.3 คำสั่งรับและแสดงผลข้อมูลด้วย printf และ scanf และทำใบงานที่ 3.2,,1,8
25/6/2569,-,กิจกรรมรณรงค์วันต่อต้านยาเสพติด,1WirnztJ65cd8R4pXEmlQmq6te4j4WrsA,1,8
26/6/2569,ระบบปฏิบัติการเครื่องแม่ข่าย,ทดลองตั้งค่าความปลอดภัย SSH และ Firewall ป้องกันการโจมตี Server,,1,8
29/6/2569,-,เตรียมข้อสอบและแนวทางประเมินผลกลางภาค,175HMgKRwcwq0Lj3-2VBE-GTLwuUQv2tq,1,9
30/6/2569,ระบบปฏิบัติการเครื่องแม่ข่าย,สรุปทบทวนเนื้อหาโปรเจกต์ NOS และสอบประเมินผลภาคปฏิบัติกลางภาค,,1,9
1/7/2569,การเขียนโปรแกรมคอมพิวเตอร์,"สอนในหัวข้อ 4.1 ตัวแปรและการประกาศตัวแปร 4.2 ชนิดข้อมูล (int, float, char) และทำใบงานที่ 4.1",,1,9
2/7/2569,-,ปฏิบัติหน้าที่ครูเวรดูแลนักเรียน,1mp_dC7TZ_Sr29roFuQ-rS_2jGIBXXWwJ,1,9
3/7/2569,ระบบปฏิบัติการเครื่องแม่ข่าย,เฉลยแบบทดสอบและชี้แนะแนวทางการปรับปรุงระบบ Server,,1,9
6/7/2569,-,กิจกรรมพัฒนาผู้เรียนและพบปะนักเรียนในที่ปรึกษา,1mEIrTVFUw7WS_v8TgxHlxnmw5XXB4nkt,1,10
7/7/2569,ระบบปฏิบัติการเครื่องแม่ข่าย,สอนในหัวข้อ การติดตั้งและแชร์ไฟล์ผ่านระบบเครือข่าย (FTP / Samba File Server),,1,10
8/7/2569,การเขียนโปรแกรมคอมพิวเตอร์,สอนในหัวข้อ 4.3 ตัวดำเนินการทางคณิตศาสตร์ เปรียบเทียบ และตรรกะ และทำใบงานที่ 4.2,,1,10
9/7/2569,-,เตรียมสื่อการสอนสำหรับบทเรียนถัดไป,1oIa0DFayi7IBl6NeTOfX79hmp9GE1D4s,1,10
10/7/2569,ระบบปฏิบัติการเครื่องแม่ข่าย,ปฏิบัติการทดลองแชร์ไฟล์ข้ามแพลตฟอร์ม Windows และ Linux ด้วย Samba,,1,10
13/7/2569,-,กิจกรรม Homeroom และเตรียมความพร้อมการเรียนการสอน,1buXi2JGP8p3aBq8xq8Z_6j_ZnNCj5thS,1,11
14/7/2569,ระบบปฏิบัติการเครื่องแม่ข่าย,สอนในหัวข้อ การบริหารจัดการทรัพยากรระบบและ Service Management บน Linux Server,,1,11
15/7/2569,การเขียนโปรแกรมคอมพิวเตอร์,สอนในหัวข้อ 5.1 นิพจน์ทางคณิตศาสตร์ 5.2 ลำดับความสำคัญของตัวดำเนินการ และทำใบงานที่ 5.1,,1,11
16/7/2569,-,ปฏิบัติหน้าที่ครูเวรประจำวัน,173d4f4U7GVwnz8vuKLcEJO9BrReZ96hG,1,11
17/7/2569,ระบบปฏิบัติการเครื่องแม่ข่าย,ปฏิบัติการเขียน Shell Script พื้นฐานเพื่อการสำรองข้อมูลอัตโนมัติ (Automated Backup Script),,1,11
20/7/2569,-,กิจกรรมงานสัปดาห์วิชาการ (ติดงานวิชาการ),1kG5XIrpPwsxPwopeNrynErcPL6AeZkcg,1,12
21/7/2569,-,เข้าร่วมและปฏิบัติหน้าที่สนับสนุนกิจกรรมงานวิชาการ (ติดงานวิชาการ),1aiSCBOrcBOb7kIA7MU68ksgk9FUQOAv3,1,12
22/7/2569,-,จัดแสดงผลงานและนิทรรศการงานวิชาการประจำปี (ติดงานวิชาการ),15UAuvGPgL2ROIdaXL_Xc4SR5On0MKHh4,1,12
23/7/2569,-,สรุปผลการดำเนินงานกิจกรรมงานวิชาการ (ติดงานวิชาการ),1b2U5hyXwTlLkNinrRRwlM56c7rIWq7V4,1,12
24/7/2569,-,สรุปประเมินผลโครงการงานวิชาการ และดูแลนักเรียนเข้าร่วมกิจกรรม (ติดงานวิชาการ),1WiIZERCbTQ9bexbKC9hv9B7FvrhylWLX,1,12
27/7/2569,-,กิจกรรม Homeroom พบปะนักเรียน และติดตามพัฒนาการผู้เรียน,16368Yle6fL6Us0ZgUu2_JQyF8ZBA-e1w,1,13
28/7/2569,-,วันหยุดราชการเนื่องในวันเฉลิมพระชนมพรรษา พระบาทสมเด็จพระเจ้าอยู่หัว,1BhMsi9uJOI0N68oe2wyDbwZdm-rw8PWS,1,13
29/7/2569,การเขียนโปรแกรมคอมพิวเตอร์,ประเมินผลลัพธ์การเรียนรู้ระดับรายวิชา (กลางภาค) เขียนโปรแกรมภาษาซีและออกแบบผังงาน (หน่วยที่ 1-5),,1,13
30/7/2569,-,ปฏิบัติหน้าที่ครูเวรดูแลนักเรียน,1-qEYzdf3rFiVnlz7g_LCnBJmn_TYvcyb,1,13
31/7/2569,ระบบปฏิบัติการเครื่องแม่ข่าย,ทบทวนโจทย์จำลองและฝึกปฏิบัติการคอนฟิกเครื่องแม่ข่ายเตรียมสอบปฏิบัติ,,1,13
3/8/2569,-,ดำเนินการดูแลนักเรียน ปวช.1 ในการซ้อมกีฬาสีของสีเหลือง ณ บริเวณหน้าอาคาร 5,1H_TB3rvOiCkGHv0OSKgNkq1LnCxHo5LZ,1,14
4/8/2569,ระบบปฏิบัติการเครื่องแม่ข่าย,สอบปฏิบัติการคอนฟิกเครื่องแม่ข่ายและการบริหารจัดการระบบเครือข่าย,,1,14
5/8/2569,การเขียนโปรแกรมคอมพิวเตอร์,สอนในหัวข้อ 6.1 คำสั่ง if / if...else 6.2 คำสั่ง if ซ้อน (Nested if) และทำใบงานที่ 6.1,,1,14
6/8/2569,-,เตรียมเนื้อหาการสอนและจัดทำส่วนหน้าปกของเล่มรายงานฝึกสอนอาสาพาศิษย์ไหว้,1vWtZpIOqk3tbHsF-_rD2hpaXgaus0z0l,1,14
7/8/2569,ระบบปฏิบัติการเครื่องแม่ข่าย,สรุปผลคะแนนสอบปฏิบัติการ ชี้แนะจุดที่ต้องปรับปรุงและแนวทางแก้ไข,,1,14
10/8/2569,-,กิจกรรมกีฬาสีภายในสถานศึกษา (ไม่มีการเรียนการสอน),1wj9ySzY-vc3nI5HKGeduRhfU6ccinmCp,1,15
11/8/2569,-,กิจกรรมกีฬาสีภายในสถานศึกษา (ไม่มีการเรียนการสอน),1gl-Po6cbA_tJCfLXXxoe9KpnMhrlWU21,1,15
12/8/2569,-,วันหยุดราชการเนื่องในวันเฉลิมพระชนมพรรษา สมเด็จพระบรมราชชนนีพันปีหลวง (วันแม่แห่งชาติ),1FPb0AoPZGDaH4o3cn7VR4J11SRzhbrHe,1,15
13/8/2569,-,กิจกรรมกีฬาสีภายในสถานศึกษา พิธีปิดการแข่งขัน (ไม่มีการเรียนการสอน),18megIoeQLVso1uwZrpCxVjofS9aO0Kk2,1,15
14/8/2569,-,สรุปประเมินผลกิจกรรมกีฬาสี และจัดเก็บอุปกรณ์กีฬา,1ezL5bfaicHmXec0FimBTbLfRPFlNJd74,1,15
17/8/2569,-,กิจกรรม Homeroom พบปะนักเรียน และติดตามความพร้อมเครื่องเซิร์ฟเวอร์,14FrJQbKmfFSfqmOZf-Yj3UGetRhWyD8d,1,16
18/8/2569,ระบบปฏิบัติการเครื่องแม่ข่าย,แนะนำแนวคิดเทคโนโลยี Virtualization และ Type-1 / Type-2 Hypervisor,,1,16
19/8/2569,การเขียนโปรแกรมคอมพิวเตอร์,สอนในหัวข้อ 6.3 คำสั่ง switch...case และทำใบงานที่ 6.2 (โปรแกรมเมนูเครื่องดื่ม),,1,16
20/8/2569,-,ปฏิบัติหน้าที่ครูเวรดูแลนักเรียน,,1,16
21/8/2569,ระบบปฏิบัติการเครื่องแม่ข่าย,"แนะนำหลักการทำงานของ Proxmox VE, ISO Image และการจัดสรร Disk/Network",,1,16
24/8/2569,-,ควบคุมแถวหน้าเสาธง และจัดเตรียมห้องปฏิบัติการ,,1,17
25/8/2569,ระบบปฏิบัติการเครื่องแม่ข่าย,สอนในหัวข้อ การติดตั้ง Proxmox VE และการสร้าง Container (LXC / Docker) บนเซิร์ฟเวอร์,,1,17
26/8/2569,การเขียนโปรแกรมคอมพิวเตอร์,สอนในหัวข้อ 7.1 คำสั่งวนซ้ำ for 7.2 คำสั่ง while 7.3 คำสั่ง do...while และทำใบงานที่ 7.1 - 7.2,,1,17
27/8/2569,-,เข้าร่วมประชุมประจำสัปดาห์ แผนกวิชาเทคโนโลยีสารสนเทศ,,1,17
28/8/2569,ระบบปฏิบัติการเครื่องแม่ข่าย,ปฏิบัติการทดลอง Deploy Web Application และ Database บน Proxmox Container,,1,17
31/8/2569,-,กิจกรรม Homeroom พบปะนักเรียน และสรุปเนื้อหาตลอดภาคเรียน,,1,18
1/9/2569,ระบบปฏิบัติการเครื่องแม่ข่าย,ประเมินผลลัพธ์การเรียนรู้ระดับรายวิชา (สอบปลายภาค),,1,18
2/9/2569,-,ลากิจ,,1,18
3/9/2569,-,ตรวจสอบคะแนนและแจ้งผลการเรียนเบื้องต้นแก่นักเรียน,,1,18
4/9/2569,-,ส่งผลการเรียนและสรุปผลการปฏิบัติการสอนประจำภาคเรียนที่ 1/2569,,1,18
